Model,RMSE,MAE,R2
RandomForest,1.8578369683742975,0.5273544973544972,0.9111604616023139
GradientBoosting,1.1822038253894112,0.26786342468049285,0.9640270699690425
